-- +goose Up
-- +goose StatementBegin
INSERT INTO faculties(id, number, name)
VALUES ('e78ef407-d86d-4a83-a36d-3b82d37a6bf9','ИУ', 'Информатика и системы управления'),
       ('4fb8de81-5827-42af-9331-63ab94f08fa7','ИБМ', 'Инженерный бизнес и менеджмент'),
       ('7a20a8a0-b072-4778-9f02-e792361e7767','МТ', 'Машиностроительные технологии'),
       ('b4964275-4aa8-4bc1-b518-9090107082ed','СМ', 'Специальное машиностроение'),
       ('96bb3e8a-ae0c-4da7-b04d-122858840b8b','БМТ', 'Биомедицинская техника'),
       ('d8c0a9ee-adf0-42c0-af34-13124d1a60eb','РЛ', 'Радиоэлектроника и лазерная техника'),
       ('5c5b1c92-4ff5-4ade-b33d-7b80f6dbc72f','Э', 'Факультет Энергомашиностроение'),
       ('8f340fb1-34ab-45a6-acb0-7172f0c2cdc0','РК', 'Робототехника и комплексная автоматизация'),
       ('8247de38-d31e-4f69-91d1-45e191a3be80','ФН', 'Факультет Фундаментальные науки'),
       ('a522564c-7624-4222-9406-efa8e1320b4c','Л', 'Лингвистика'),
       ('64eb85bc-ff00-47f8-b90c-468b5f9b6cfc','ЮР', 'Безопасность в цифровом мире'),
       ('195f1d6e-dedd-41f2-a2bd-d73916a4f02b','СГН', 'Социальные и гуманитарные науки');

INSERT INTO departments(id, number, name, faculty_id)
VALUES ('b3b3e715-493d-49eb-b4da-8a91eebdc6dc', 'ИУ1', 'Системы автоматического управления', 'e78ef407-d86d-4a83-a36d-3b82d37a6bf9'),
       ('e082f5ee-d67f-443c-b4d6-2f71b039cd30', 'ИУ2', 'Приборы и системы ориентации, стабилизации и навигации', 'e78ef407-d86d-4a83-a36d-3b82d37a6bf9'),
       ('08bc3b19-987a-4969-894b-0e83fb37c0bb', 'ИУ3', 'Информационные системы и телекоммуникации', 'e78ef407-d86d-4a83-a36d-3b82d37a6bf9'),
       ('bf7a7aa5-3135-4579-8317-baee77ea952c', 'ИУ4', 'Проектирование и технология производства электронной аппаратуры', 'e78ef407-d86d-4a83-a36d-3b82d37a6bf9'),
       ('0622e3b5-d092-4f6b-97b1-5ceba8a16e1d', 'ИУ5', 'Системы обработки информации и управления', 'e78ef407-d86d-4a83-a36d-3b82d37a6bf9'),
       ('ff80a681-f52f-413b-8ef6-78f4d284f4ea', 'ИУ6', 'Компьютерные системы и сети', 'e78ef407-d86d-4a83-a36d-3b82d37a6bf9'),
       ('61c3f9d7-1417-4663-a880-962bd2383114', 'ИУ7', 'Программное обеспечение ЭВМ и информационные технологии', 'e78ef407-d86d-4a83-a36d-3b82d37a6bf9'),
       ('c3da350e-227a-4c42-9144-5499581abed5', 'ИУ8', 'Информационная безопасность', 'e78ef407-d86d-4a83-a36d-3b82d37a6bf9'),
       ('b4d2c7b9-83b5-4980-95c4-1dc0aff4beba', 'ИУ9', 'Теоретическая информатика и компьютерные технологии', 'e78ef407-d86d-4a83-a36d-3b82d37a6bf9'),
       ('095cad05-773f-45cd-b004-f1122c3f6cb2', 'ИУ10', 'Защита информации', 'e78ef407-d86d-4a83-a36d-3b82d37a6bf9'),
       ('5df2a3de-898c-4dda-a982-ea08136ba629', 'ИУ11', 'Космические приборы и системы', 'e78ef407-d86d-4a83-a36d-3b82d37a6bf9'),
       ('dbbef4c7-91f5-4422-8409-60abca881325', 'ИУ12', 'Технологии искусственного интеллекта', 'e78ef407-d86d-4a83-a36d-3b82d37a6bf9');

INSERT INTO departments(id, number, name, faculty_id)
VALUES ('eda1c3df-ed20-401d-a05a-a818b493fc5e', 'ИБМ1', 'Экономика и бизнес', '4fb8de81-5827-42af-9331-63ab94f08fa7');


INSERT INTO groups(number, course, department_id)
VALUES ('21', 1, '0622e3b5-d092-4f6b-97b1-5ceba8a16e1d'),
       ('22', 1, '0622e3b5-d092-4f6b-97b1-5ceba8a16e1d'),
       ('23', 1, '0622e3b5-d092-4f6b-97b1-5ceba8a16e1d'),
       ('24', 1, '0622e3b5-d092-4f6b-97b1-5ceba8a16e1d'),
       ('25', 1, '0622e3b5-d092-4f6b-97b1-5ceba8a16e1d'),
       ('41', 2, '0622e3b5-d092-4f6b-97b1-5ceba8a16e1d'),
       ('42', 2, '0622e3b5-d092-4f6b-97b1-5ceba8a16e1d'),
       ('43', 2, '0622e3b5-d092-4f6b-97b1-5ceba8a16e1d'),
       ('44', 2, '0622e3b5-d092-4f6b-97b1-5ceba8a16e1d'),
       ('45', 2, '0622e3b5-d092-4f6b-97b1-5ceba8a16e1d'),
       ('61', 3, '0622e3b5-d092-4f6b-97b1-5ceba8a16e1d'),
       ('62', 3, '0622e3b5-d092-4f6b-97b1-5ceba8a16e1d'),
       ('63', 3, '0622e3b5-d092-4f6b-97b1-5ceba8a16e1d'),
       ('64', 3, '0622e3b5-d092-4f6b-97b1-5ceba8a16e1d'),
       ('65', 3, '0622e3b5-d092-4f6b-97b1-5ceba8a16e1d'),
       ('81', 4, '0622e3b5-d092-4f6b-97b1-5ceba8a16e1d'),
       ('82', 4, '0622e3b5-d092-4f6b-97b1-5ceba8a16e1d'),
       ('83', 4, '0622e3b5-d092-4f6b-97b1-5ceba8a16e1d'),
       ('84', 4, '0622e3b5-d092-4f6b-97b1-5ceba8a16e1d'),
       ('85', 4, '0622e3b5-d092-4f6b-97b1-5ceba8a16e1d');
-- +goose StatementEnd

-- +goose Down
-- +goose StatementBegin
SELECT 'down SQL query';
-- +goose StatementEnd
